CREATE DATABASE  IF NOT EXISTS `project` /*!40100 DEFAULT CHARACTER SET utf8mb4 COLLATE utf8mb4_0900_ai_ci */ /*!80016 DEFAULT ENCRYPTION='N' */;
USE `project`;
-- MySQL dump 10.13  Distrib 8.0.27, for Win64 (x86_64)
--
-- Host: 127.0.0.1    Database: project
-- ------------------------------------------------------
-- Server version	8.0.27

/*!40101 SET @OLD_CHARACTER_SET_CLIENT=@@CHARACTER_SET_CLIENT */;
/*!40101 SET @OLD_CHARACTER_SET_RESULTS=@@CHARACTER_SET_RESULTS */;
/*!40101 SET @OLD_COLLATION_CONNECTION=@@COLLATION_CONNECTION */;
/*!50503 SET NAMES utf8 */;
/*!40103 SET @OLD_TIME_ZONE=@@TIME_ZONE */;
/*!40103 SET TIME_ZONE='+00:00' */;
/*!40014 SET @OLD_UNIQUE_CHECKS=@@UNIQUE_CHECKS, UNIQUE_CHECKS=0 */;
/*!40014 SET @OLD_FOREIGN_KEY_CHECKS=@@FOREIGN_KEY_CHECKS, FOREIGN_KEY_CHECKS=0 */;
/*!40101 SET @OLD_SQL_MODE=@@SQL_MODE, SQL_MODE='NO_AUTO_VALUE_ON_ZERO' */;
/*!40111 SET @OLD_SQL_NOTES=@@SQL_NOTES, SQL_NOTES=0 */;

--
-- Table structure for table `familytree`
--

DROP TABLE IF EXISTS `familytree`;
/*!40101 SET @saved_cs_client     = @@character_set_client */;
/*!50503 SET character_set_client = utf8mb4 */;
CREATE TABLE `familytree` (
  `id` int NOT NULL,
  `name` varchar(50) DEFAULT NULL,
  `date_of_birth` date DEFAULT NULL,
  `loc_of_birth` varchar(50) DEFAULT NULL,
  `date_of_death` date DEFAULT NULL,
  `loc_of_death` varchar(50) DEFAULT NULL,
  `gender` varchar(50) DEFAULT NULL,
  PRIMARY KEY (`id`)
) ENGINE=InnoDB DEFAULT CHARSET=utf8mb4 COLLATE=utf8mb4_0900_ai_ci;
/*!40101 SET character_set_client = @saved_cs_client */;

--
-- Dumping data for table `familytree`
--

LOCK TABLES `familytree` WRITE;
/*!40000 ALTER TABLE `familytree` DISABLE KEYS */;
INSERT INTO `familytree` VALUES (1,'a','2000-12-28','halifax','2080-03-04','sydney','f'),(2,'b','1998-01-14','mumbai','2075-02-20','surat','m'),(3,'c','1999-05-01','delhi','2035-10-18','toronto','f'),(4,'d','2015-08-01','calgary','2015-08-01','calgary','m'),(5,'e',NULL,NULL,NULL,NULL,NULL),(6,'f',NULL,NULL,NULL,NULL,NULL),(7,'g',NULL,NULL,NULL,NULL,NULL),(8,'h',NULL,NULL,NULL,NULL,NULL),(9,'i',NULL,NULL,NULL,NULL,NULL),(10,'j',NULL,NULL,NULL,NULL,NULL),(11,'k',NULL,NULL,NULL,NULL,NULL),(12,'l',NULL,NULL,NULL,NULL,NULL),(13,'m',NULL,NULL,NULL,NULL,NULL),(14,'n',NULL,NULL,NULL,NULL,NULL);
/*!40000 ALTER TABLE `familytree` ENABLE KEYS */;
UNLOCK TABLES;
/*!40103 SET TIME_ZONE=@OLD_TIME_ZONE */;

/*!40101 SET SQL_MODE=@OLD_SQL_MODE */;
/*!40014 SET FOREIGN_KEY_CHECKS=@OLD_FOREIGN_KEY_CHECKS */;
/*!40014 SET UNIQUE_CHECKS=@OLD_UNIQUE_CHECKS */;
/*!40101 SET CHARACTER_SET_CLIENT=@OLD_CHARACTER_SET_CLIENT */;
/*!40101 SET CHARACTER_SET_RESULTS=@OLD_CHARACTER_SET_RESULTS */;
/*!40101 SET COLLATION_CONNECTION=@OLD_COLLATION_CONNECTION */;
/*!40111 SET SQL_NOTES=@OLD_SQL_NOTES */;

-- Dump completed on 2021-12-14 18:53:20

CREATE DATABASE  IF NOT EXISTS `project` /*!40100 DEFAULT CHARACTER SET utf8mb4 COLLATE utf8mb4_0900_ai_ci */ /*!80016 DEFAULT ENCRYPTION='N' */;
USE `project`;
-- MySQL dump 10.13  Distrib 8.0.27, for Win64 (x86_64)
--
-- Host: 127.0.0.1    Database: project
-- ------------------------------------------------------
-- Server version	8.0.27

/*!40101 SET @OLD_CHARACTER_SET_CLIENT=@@CHARACTER_SET_CLIENT */;
/*!40101 SET @OLD_CHARACTER_SET_RESULTS=@@CHARACTER_SET_RESULTS */;
/*!40101 SET @OLD_COLLATION_CONNECTION=@@COLLATION_CONNECTION */;
/*!50503 SET NAMES utf8 */;
/*!40103 SET @OLD_TIME_ZONE=@@TIME_ZONE */;
/*!40103 SET TIME_ZONE='+00:00' */;
/*!40014 SET @OLD_UNIQUE_CHECKS=@@UNIQUE_CHECKS, UNIQUE_CHECKS=0 */;
/*!40014 SET @OLD_FOREIGN_KEY_CHECKS=@@FOREIGN_KEY_CHECKS, FOREIGN_KEY_CHECKS=0 */;
/*!40101 SET @OLD_SQL_MODE=@@SQL_MODE, SQL_MODE='NO_AUTO_VALUE_ON_ZERO' */;
/*!40111 SET @OLD_SQL_NOTES=@@SQL_NOTES, SQL_NOTES=0 */;

--
-- Table structure for table `occupation`
--

DROP TABLE IF EXISTS `occupation`;
/*!40101 SET @saved_cs_client     = @@character_set_client */;
/*!50503 SET character_set_client = utf8mb4 */;
CREATE TABLE `occupation` (
  `id` int NOT NULL,
  `occupation` varchar(50) DEFAULT NULL,
  KEY `id_fk` (`id`),
  CONSTRAINT `id_fk` FOREIGN KEY (`id`) REFERENCES `familytree` (`id`)
) ENGINE=InnoDB DEFAULT CHARSET=utf8mb4 COLLATE=utf8mb4_0900_ai_ci;
/*!40101 SET character_set_client = @saved_cs_client */;

--
-- Dumping data for table `occupation`
--

LOCK TABLES `occupation` WRITE;
/*!40000 ALTER TABLE `occupation` DISABLE KEYS */;
INSERT INTO `occupation` VALUES (1,'student'),(2,'businessman'),(2,'Cashier'),(2,'Freelancer'),(3,'teacher'),(4,'engineer'),(4,'engineer');
/*!40000 ALTER TABLE `occupation` ENABLE KEYS */;
UNLOCK TABLES;
/*!40103 SET TIME_ZONE=@OLD_TIME_ZONE */;

/*!40101 SET SQL_MODE=@OLD_SQL_MODE */;
/*!40014 SET FOREIGN_KEY_CHECKS=@OLD_FOREIGN_KEY_CHECKS */;
/*!40014 SET UNIQUE_CHECKS=@OLD_UNIQUE_CHECKS */;
/*!40101 SET CHARACTER_SET_CLIENT=@OLD_CHARACTER_SET_CLIENT */;
/*!40101 SET CHARACTER_SET_RESULTS=@OLD_CHARACTER_SET_RESULTS */;
/*!40101 SET COLLATION_CONNECTION=@OLD_COLLATION_CONNECTION */;
/*!40111 SET SQL_NOTES=@OLD_SQL_NOTES */;

-- Dump completed on 2021-12-14 18:53:21


CREATE DATABASE  IF NOT EXISTS `project` /*!40100 DEFAULT CHARACTER SET utf8mb4 COLLATE utf8mb4_0900_ai_ci */ /*!80016 DEFAULT ENCRYPTION='N' */;
USE `project`;
-- MySQL dump 10.13  Distrib 8.0.27, for Win64 (x86_64)
--
-- Host: 127.0.0.1    Database: project
-- ------------------------------------------------------
-- Server version	8.0.27

/*!40101 SET @OLD_CHARACTER_SET_CLIENT=@@CHARACTER_SET_CLIENT */;
/*!40101 SET @OLD_CHARACTER_SET_RESULTS=@@CHARACTER_SET_RESULTS */;
/*!40101 SET @OLD_COLLATION_CONNECTION=@@COLLATION_CONNECTION */;
/*!50503 SET NAMES utf8 */;
/*!40103 SET @OLD_TIME_ZONE=@@TIME_ZONE */;
/*!40103 SET TIME_ZONE='+00:00' */;
/*!40014 SET @OLD_UNIQUE_CHECKS=@@UNIQUE_CHECKS, UNIQUE_CHECKS=0 */;
/*!40014 SET @OLD_FOREIGN_KEY_CHECKS=@@FOREIGN_KEY_CHECKS, FOREIGN_KEY_CHECKS=0 */;
/*!40101 SET @OLD_SQL_MODE=@@SQL_MODE, SQL_MODE='NO_AUTO_VALUE_ON_ZERO' */;
/*!40111 SET @OLD_SQL_NOTES=@@SQL_NOTES, SQL_NOTES=0 */;

--
-- Table structure for table `referencenotes`
--

DROP TABLE IF EXISTS `referencenotes`;
/*!40101 SET @saved_cs_client     = @@character_set_client */;
/*!50503 SET character_set_client = utf8mb4 */;
CREATE TABLE `referencenotes` (
  `refNo` int NOT NULL,
  `referenceNote` varchar(100) DEFAULT NULL,
  `decide` int DEFAULT NULL,
  KEY `refNo_fk` (`refNo`),
  CONSTRAINT `refNo_fk` FOREIGN KEY (`refNo`) REFERENCES `familytree` (`id`)
) ENGINE=InnoDB DEFAULT CHARSET=utf8mb4 COLLATE=utf8mb4_0900_ai_ci;
/*!40101 SET character_set_client = @saved_cs_client */;

--
-- Dumping data for table `referencenotes`
--

LOCK TABLES `referencenotes` WRITE;
/*!40000 ALTER TABLE `referencenotes` DISABLE KEYS */;
INSERT INTO `referencenotes` VALUES (1,'reference1',0),(1,'note1',1),(1,'note2',1),(1,'reference2',0),(2,'note5',1),(2,'reference3',0),(3,'note6',1),(3,'reference7',0),(3,'reference8',0),(3,'note7',1),(3,'note8',1),(3,'reference9',0);
/*!40000 ALTER TABLE `referencenotes` ENABLE KEYS */;
UNLOCK TABLES;
/*!40103 SET TIME_ZONE=@OLD_TIME_ZONE */;

/*!40101 SET SQL_MODE=@OLD_SQL_MODE */;
/*!40014 SET FOREIGN_KEY_CHECKS=@OLD_FOREIGN_KEY_CHECKS */;
/*!40014 SET UNIQUE_CHECKS=@OLD_UNIQUE_CHECKS */;
/*!40101 SET CHARACTER_SET_CLIENT=@OLD_CHARACTER_SET_CLIENT */;
/*!40101 SET CHARACTER_SET_RESULTS=@OLD_CHARACTER_SET_RESULTS */;
/*!40101 SET COLLATION_CONNECTION=@OLD_COLLATION_CONNECTION */;
/*!40111 SET SQL_NOTES=@OLD_SQL_NOTES */;

-- Dump completed on 2021-12-14 18:53:21


CREATE DATABASE  IF NOT EXISTS `project` /*!40100 DEFAULT CHARACTER SET utf8mb4 COLLATE utf8mb4_0900_ai_ci */ /*!80016 DEFAULT ENCRYPTION='N' */;
USE `project`;
-- MySQL dump 10.13  Distrib 8.0.27, for Win64 (x86_64)
--
-- Host: 127.0.0.1    Database: project
-- ------------------------------------------------------
-- Server version	8.0.27

/*!40101 SET @OLD_CHARACTER_SET_CLIENT=@@CHARACTER_SET_CLIENT */;
/*!40101 SET @OLD_CHARACTER_SET_RESULTS=@@CHARACTER_SET_RESULTS */;
/*!40101 SET @OLD_COLLATION_CONNECTION=@@COLLATION_CONNECTION */;
/*!50503 SET NAMES utf8 */;
/*!40103 SET @OLD_TIME_ZONE=@@TIME_ZONE */;
/*!40103 SET TIME_ZONE='+00:00' */;
/*!40014 SET @OLD_UNIQUE_CHECKS=@@UNIQUE_CHECKS, UNIQUE_CHECKS=0 */;
/*!40014 SET @OLD_FOREIGN_KEY_CHECKS=@@FOREIGN_KEY_CHECKS, FOREIGN_KEY_CHECKS=0 */;
/*!40101 SET @OLD_SQL_MODE=@@SQL_MODE, SQL_MODE='NO_AUTO_VALUE_ON_ZERO' */;
/*!40111 SET @OLD_SQL_NOTES=@@SQL_NOTES, SQL_NOTES=0 */;

--
-- Table structure for table `childtable`
--

DROP TABLE IF EXISTS `childtable`;
/*!40101 SET @saved_cs_client     = @@character_set_client */;
/*!50503 SET character_set_client = utf8mb4 */;
CREATE TABLE `childtable` (
  `parentID` int NOT NULL,
  `childID` int NOT NULL,
  KEY `childID_fk` (`childID`),
  KEY `parentID_fk` (`parentID`),
  CONSTRAINT `childID_fk` FOREIGN KEY (`childID`) REFERENCES `familytree` (`id`),
  CONSTRAINT `parentID_fk` FOREIGN KEY (`parentID`) REFERENCES `familytree` (`id`)
) ENGINE=InnoDB DEFAULT CHARSET=utf8mb4 COLLATE=utf8mb4_0900_ai_ci;
/*!40101 SET character_set_client = @saved_cs_client */;

--
-- Dumping data for table `childtable`
--

LOCK TABLES `childtable` WRITE;
/*!40000 ALTER TABLE `childtable` DISABLE KEYS */;
INSERT INTO `childtable` VALUES (4,1),(4,2),(4,3),(7,5),(7,6),(9,7),(9,8),(10,4),(10,9),(12,11),(13,9),(13,12);
/*!40000 ALTER TABLE `childtable` ENABLE KEYS */;
UNLOCK TABLES;
/*!40103 SET TIME_ZONE=@OLD_TIME_ZONE */;

/*!40101 SET SQL_MODE=@OLD_SQL_MODE */;
/*!40014 SET FOREIGN_KEY_CHECKS=@OLD_FOREIGN_KEY_CHECKS */;
/*!40014 SET UNIQUE_CHECKS=@OLD_UNIQUE_CHECKS */;
/*!40101 SET CHARACTER_SET_CLIENT=@OLD_CHARACTER_SET_CLIENT */;
/*!40101 SET CHARACTER_SET_RESULTS=@OLD_CHARACTER_SET_RESULTS */;
/*!40101 SET COLLATION_CONNECTION=@OLD_COLLATION_CONNECTION */;
/*!40111 SET SQL_NOTES=@OLD_SQL_NOTES */;

-- Dump completed on 2021-12-14 18:53:20


CREATE DATABASE  IF NOT EXISTS `project` /*!40100 DEFAULT CHARACTER SET utf8mb4 COLLATE utf8mb4_0900_ai_ci */ /*!80016 DEFAULT ENCRYPTION='N' */;
USE `project`;
-- MySQL dump 10.13  Distrib 8.0.27, for Win64 (x86_64)
--
-- Host: 127.0.0.1    Database: project
-- ------------------------------------------------------
-- Server version	8.0.27

/*!40101 SET @OLD_CHARACTER_SET_CLIENT=@@CHARACTER_SET_CLIENT */;
/*!40101 SET @OLD_CHARACTER_SET_RESULTS=@@CHARACTER_SET_RESULTS */;
/*!40101 SET @OLD_COLLATION_CONNECTION=@@COLLATION_CONNECTION */;
/*!50503 SET NAMES utf8 */;
/*!40103 SET @OLD_TIME_ZONE=@@TIME_ZONE */;
/*!40103 SET TIME_ZONE='+00:00' */;
/*!40014 SET @OLD_UNIQUE_CHECKS=@@UNIQUE_CHECKS, UNIQUE_CHECKS=0 */;
/*!40014 SET @OLD_FOREIGN_KEY_CHECKS=@@FOREIGN_KEY_CHECKS, FOREIGN_KEY_CHECKS=0 */;
/*!40101 SET @OLD_SQL_MODE=@@SQL_MODE, SQL_MODE='NO_AUTO_VALUE_ON_ZERO' */;
/*!40111 SET @OLD_SQL_NOTES=@@SQL_NOTES, SQL_NOTES=0 */;

--
-- Table structure for table `partnertable`
--

DROP TABLE IF EXISTS `partnertable`;
/*!40101 SET @saved_cs_client     = @@character_set_client */;
/*!50503 SET character_set_client = utf8mb4 */;
CREATE TABLE `partnertable` (
  `partner1` int NOT NULL,
  `partner2` int NOT NULL,
  `dissolution` int DEFAULT NULL,
  KEY `partner1_fk` (`partner1`),
  KEY `partner2_fk` (`partner2`),
  CONSTRAINT `partner1_fk` FOREIGN KEY (`partner1`) REFERENCES `familytree` (`id`),
  CONSTRAINT `partner2_fk` FOREIGN KEY (`partner2`) REFERENCES `familytree` (`id`)
) ENGINE=InnoDB DEFAULT CHARSET=utf8mb4 COLLATE=utf8mb4_0900_ai_ci;
/*!40101 SET character_set_client = @saved_cs_client */;

--
-- Dumping data for table `partnertable`
--

LOCK TABLES `partnertable` WRITE;
/*!40000 ALTER TABLE `partnertable` DISABLE KEYS */;
INSERT INTO `partnertable` VALUES (1,2,1),(3,4,0),(6,8,0),(10,13,1),(1,7,0);
/*!40000 ALTER TABLE `partnertable` ENABLE KEYS */;
UNLOCK TABLES;
/*!40103 SET TIME_ZONE=@OLD_TIME_ZONE */;

/*!40101 SET SQL_MODE=@OLD_SQL_MODE */;
/*!40014 SET FOREIGN_KEY_CHECKS=@OLD_FOREIGN_KEY_CHECKS */;
/*!40014 SET UNIQUE_CHECKS=@OLD_UNIQUE_CHECKS */;
/*!40101 SET CHARACTER_SET_CLIENT=@OLD_CHARACTER_SET_CLIENT */;
/*!40101 SET CHARACTER_SET_RESULTS=@OLD_CHARACTER_SET_RESULTS */;
/*!40101 SET COLLATION_CONNECTION=@OLD_COLLATION_CONNECTION */;
/*!40111 SET SQL_NOTES=@OLD_SQL_NOTES */;

-- Dump completed on 2021-12-14 18:53:22

CREATE DATABASE  IF NOT EXISTS `project` /*!40100 DEFAULT CHARACTER SET utf8mb4 COLLATE utf8mb4_0900_ai_ci */ /*!80016 DEFAULT ENCRYPTION='N' */;
USE `project`;
-- MySQL dump 10.13  Distrib 8.0.27, for Win64 (x86_64)
--
-- Host: 127.0.0.1    Database: project
-- ------------------------------------------------------
-- Server version	8.0.27

/*!40101 SET @OLD_CHARACTER_SET_CLIENT=@@CHARACTER_SET_CLIENT */;
/*!40101 SET @OLD_CHARACTER_SET_RESULTS=@@CHARACTER_SET_RESULTS */;
/*!40101 SET @OLD_COLLATION_CONNECTION=@@COLLATION_CONNECTION */;
/*!50503 SET NAMES utf8 */;
/*!40103 SET @OLD_TIME_ZONE=@@TIME_ZONE */;
/*!40103 SET TIME_ZONE='+00:00' */;
/*!40014 SET @OLD_UNIQUE_CHECKS=@@UNIQUE_CHECKS, UNIQUE_CHECKS=0 */;
/*!40014 SET @OLD_FOREIGN_KEY_CHECKS=@@FOREIGN_KEY_CHECKS, FOREIGN_KEY_CHECKS=0 */;
/*!40101 SET @OLD_SQL_MODE=@@SQL_MODE, SQL_MODE='NO_AUTO_VALUE_ON_ZERO' */;
/*!40111 SET @OLD_SQL_NOTES=@@SQL_NOTES, SQL_NOTES=0 */;

--
-- Table structure for table `mediaarchive`
--

DROP TABLE IF EXISTS `mediaarchive`;
/*!40101 SET @saved_cs_client     = @@character_set_client */;
/*!50503 SET character_set_client = utf8mb4 */;
CREATE TABLE `mediaarchive` (
  `fileLocation` varchar(50) NOT NULL,
  `dateOfPictureTaken` date DEFAULT NULL,
  `locOfPictureTaken` varchar(50) DEFAULT NULL,
  PRIMARY KEY (`fileLocation`)
) ENGINE=InnoDB DEFAULT CHARSET=utf8mb4 COLLATE=utf8mb4_0900_ai_ci;
/*!40101 SET character_set_client = @saved_cs_client */;

--
-- Dumping data for table `mediaarchive`
--

LOCK TABLES `mediaarchive` WRITE;
/*!40000 ALTER TABLE `mediaarchive` DISABLE KEYS */;
INSERT INTO `mediaarchive` VALUES ('abc1.jpg','2021-11-30','ns,halifax,l1'),('ebc2.jpg','2018-01-00','halifax'),('fbc3.jpg','2019-00-00','l1'),('gbc5.jpg',NULL,NULL),('nbc4.jpg',NULL,NULL),('obc6.jpg',NULL,NULL),('obc7.jpg',NULL,NULL),('qbc8.jpg',NULL,NULL),('sbc9.jpg',NULL,NULL);
/*!40000 ALTER TABLE `mediaarchive` ENABLE KEYS */;
UNLOCK TABLES;
/*!40103 SET TIME_ZONE=@OLD_TIME_ZONE */;

/*!40101 SET SQL_MODE=@OLD_SQL_MODE */;
/*!40014 SET FOREIGN_KEY_CHECKS=@OLD_FOREIGN_KEY_CHECKS */;
/*!40014 SET UNIQUE_CHECKS=@OLD_UNIQUE_CHECKS */;
/*!40101 SET CHARACTER_SET_CLIENT=@OLD_CHARACTER_SET_CLIENT */;
/*!40101 SET CHARACTER_SET_RESULTS=@OLD_CHARACTER_SET_RESULTS */;
/*!40101 SET COLLATION_CONNECTION=@OLD_COLLATION_CONNECTION */;
/*!40111 SET SQL_NOTES=@OLD_SQL_NOTES */;

-- Dump completed on 2021-12-14 18:53:21


CREATE DATABASE  IF NOT EXISTS `project` /*!40100 DEFAULT CHARACTER SET utf8mb4 COLLATE utf8mb4_0900_ai_ci */ /*!80016 DEFAULT ENCRYPTION='N' */;
USE `project`;
-- MySQL dump 10.13  Distrib 8.0.27, for Win64 (x86_64)
--
-- Host: 127.0.0.1    Database: project
-- ------------------------------------------------------
-- Server version	8.0.27

/*!40101 SET @OLD_CHARACTER_SET_CLIENT=@@CHARACTER_SET_CLIENT */;
/*!40101 SET @OLD_CHARACTER_SET_RESULTS=@@CHARACTER_SET_RESULTS */;
/*!40101 SET @OLD_COLLATION_CONNECTION=@@COLLATION_CONNECTION */;
/*!50503 SET NAMES utf8 */;
/*!40103 SET @OLD_TIME_ZONE=@@TIME_ZONE */;
/*!40103 SET TIME_ZONE='+00:00' */;
/*!40014 SET @OLD_UNIQUE_CHECKS=@@UNIQUE_CHECKS, UNIQUE_CHECKS=0 */;
/*!40014 SET @OLD_FOREIGN_KEY_CHECKS=@@FOREIGN_KEY_CHECKS, FOREIGN_KEY_CHECKS=0 */;
/*!40101 SET @OLD_SQL_MODE=@@SQL_MODE, SQL_MODE='NO_AUTO_VALUE_ON_ZERO' */;
/*!40111 SET @OLD_SQL_NOTES=@@SQL_NOTES, SQL_NOTES=0 */;

--
-- Table structure for table `peopleinmediatable`
--

DROP TABLE IF EXISTS `peopleinmediatable`;
/*!40101 SET @saved_cs_client     = @@character_set_client */;
/*!50503 SET character_set_client = utf8mb4 */;
CREATE TABLE `peopleinmediatable` (
  `fileLocation` varchar(50) NOT NULL,
  `peopleID` int NOT NULL,
  KEY `fileLocation_fk` (`fileLocation`),
  KEY `peopleID_fk` (`peopleID`),
  CONSTRAINT `fileLocation_fk` FOREIGN KEY (`fileLocation`) REFERENCES `mediaarchive` (`fileLocation`),
  CONSTRAINT `peopleID_fk` FOREIGN KEY (`peopleID`) REFERENCES `familytree` (`id`)
) ENGINE=InnoDB DEFAULT CHARSET=utf8mb4 COLLATE=utf8mb4_0900_ai_ci;
/*!40101 SET character_set_client = @saved_cs_client */;

--
-- Dumping data for table `peopleinmediatable`
--

LOCK TABLES `peopleinmediatable` WRITE;
/*!40000 ALTER TABLE `peopleinmediatable` DISABLE KEYS */;
INSERT INTO `peopleinmediatable` VALUES ('abc1.jpg',1),('abc1.jpg',2),('abc1.jpg',9),('abc1.jpg',13),('ebc2.jpg',1),('ebc2.jpg',2),('ebc2.jpg',7),('ebc2.jpg',10);
/*!40000 ALTER TABLE `peopleinmediatable` ENABLE KEYS */;
UNLOCK TABLES;
/*!40103 SET TIME_ZONE=@OLD_TIME_ZONE */;

/*!40101 SET SQL_MODE=@OLD_SQL_MODE */;
/*!40014 SET FOREIGN_KEY_CHECKS=@OLD_FOREIGN_KEY_CHECKS */;
/*!40014 SET UNIQUE_CHECKS=@OLD_UNIQUE_CHECKS */;
/*!40101 SET CHARACTER_SET_CLIENT=@OLD_CHARACTER_SET_CLIENT */;
/*!40101 SET CHARACTER_SET_RESULTS=@OLD_CHARACTER_SET_RESULTS */;
/*!40101 SET COLLATION_CONNECTION=@OLD_COLLATION_CONNECTION */;
/*!40111 SET SQL_NOTES=@OLD_SQL_NOTES */;

-- Dump completed on 2021-12-14 18:53:20


CREATE DATABASE  IF NOT EXISTS `project` /*!40100 DEFAULT CHARACTER SET utf8mb4 COLLATE utf8mb4_0900_ai_ci */ /*!80016 DEFAULT ENCRYPTION='N' */;
USE `project`;
-- MySQL dump 10.13  Distrib 8.0.27, for Win64 (x86_64)
--
-- Host: 127.0.0.1    Database: project
-- ------------------------------------------------------
-- Server version	8.0.27

/*!40101 SET @OLD_CHARACTER_SET_CLIENT=@@CHARACTER_SET_CLIENT */;
/*!40101 SET @OLD_CHARACTER_SET_RESULTS=@@CHARACTER_SET_RESULTS */;
/*!40101 SET @OLD_COLLATION_CONNECTION=@@COLLATION_CONNECTION */;
/*!50503 SET NAMES utf8 */;
/*!40103 SET @OLD_TIME_ZONE=@@TIME_ZONE */;
/*!40103 SET TIME_ZONE='+00:00' */;
/*!40014 SET @OLD_UNIQUE_CHECKS=@@UNIQUE_CHECKS, UNIQUE_CHECKS=0 */;
/*!40014 SET @OLD_FOREIGN_KEY_CHECKS=@@FOREIGN_KEY_CHECKS, FOREIGN_KEY_CHECKS=0 */;
/*!40101 SET @OLD_SQL_MODE=@@SQL_MODE, SQL_MODE='NO_AUTO_VALUE_ON_ZERO' */;
/*!40111 SET @OLD_SQL_NOTES=@@SQL_NOTES, SQL_NOTES=0 */;

--
-- Table structure for table `tagtable`
--

DROP TABLE IF EXISTS `tagtable`;
/*!40101 SET @saved_cs_client     = @@character_set_client */;
/*!50503 SET character_set_client = utf8mb4 */;
CREATE TABLE `tagtable` (
  `fileLocation` varchar(50) NOT NULL,
  `tagString` varchar(100) DEFAULT NULL,
  KEY `fileLocationTag_fk` (`fileLocation`),
  CONSTRAINT `fileLocationTag_fk` FOREIGN KEY (`fileLocation`) REFERENCES `mediaarchive` (`fileLocation`)
) ENGINE=InnoDB DEFAULT CHARSET=utf8mb4 COLLATE=utf8mb4_0900_ai_ci;
/*!40101 SET character_set_client = @saved_cs_client */;

--
-- Dumping data for table `tagtable`
--

LOCK TABLES `tagtable` WRITE;
/*!40000 ALTER TABLE `tagtable` DISABLE KEYS */;
INSERT INTO `tagtable` VALUES ('abc1.jpg','tag1'),('abc1.jpg','tag2'),('abc1.jpg','tag3'),('ebc2.jpg','tag1'),('gbc5.jpg','tag4'),('obc6.jpg','tag4');
/*!40000 ALTER TABLE `tagtable` ENABLE KEYS */;
UNLOCK TABLES;
/*!40103 SET TIME_ZONE=@OLD_TIME_ZONE */;

/*!40101 SET SQL_MODE=@OLD_SQL_MODE */;
/*!40014 SET FOREIGN_KEY_CHECKS=@OLD_FOREIGN_KEY_CHECKS */;
/*!40014 SET UNIQUE_CHECKS=@OLD_UNIQUE_CHECKS */;
/*!40101 SET CHARACTER_SET_CLIENT=@OLD_CHARACTER_SET_CLIENT */;
/*!40101 SET CHARACTER_SET_RESULTS=@OLD_CHARACTER_SET_RESULTS */;
/*!40101 SET COLLATION_CONNECTION=@OLD_COLLATION_CONNECTION */;
/*!40111 SET SQL_NOTES=@OLD_SQL_NOTES */;

-- Dump completed on 2021-12-14 18:53:21

CREATE DATABASE  IF NOT EXISTS `project` /*!40100 DEFAULT CHARACTER SET utf8mb4 COLLATE utf8mb4_0900_ai_ci */ /*!80016 DEFAULT ENCRYPTION='N' */;
USE `project`;
-- MySQL dump 10.13  Distrib 8.0.27, for Win64 (x86_64)
--
-- Host: 127.0.0.1    Database: project
-- ------------------------------------------------------
-- Server version	8.0.27

/*!40101 SET @OLD_CHARACTER_SET_CLIENT=@@CHARACTER_SET_CLIENT */;
/*!40101 SET @OLD_CHARACTER_SET_RESULTS=@@CHARACTER_SET_RESULTS */;
/*!40101 SET @OLD_COLLATION_CONNECTION=@@COLLATION_CONNECTION */;
/*!50503 SET NAMES utf8 */;
/*!40103 SET @OLD_TIME_ZONE=@@TIME_ZONE */;
/*!40103 SET TIME_ZONE='+00:00' */;
/*!40014 SET @OLD_UNIQUE_CHECKS=@@UNIQUE_CHECKS, UNIQUE_CHECKS=0 */;
/*!40014 SET @OLD_FOREIGN_KEY_CHECKS=@@FOREIGN_KEY_CHECKS, FOREIGN_KEY_CHECKS=0 */;
/*!40101 SET @OLD_SQL_MODE=@@SQL_MODE, SQL_MODE='NO_AUTO_VALUE_ON_ZERO' */;
/*!40111 SET @OLD_SQL_NOTES=@@SQL_NOTES, SQL_NOTES=0 */;

--
-- Table structure for table `mediadatetable`
--

DROP TABLE IF EXISTS `mediadatetable`;
/*!40101 SET @saved_cs_client     = @@character_set_client */;
/*!50503 SET character_set_client = utf8mb4 */;
CREATE TABLE `mediadatetable` (
  `fileLocation` varchar(50) NOT NULL,
  `dateOfPictureTaken` date DEFAULT NULL,
  KEY `fileLocationMedia_fk` (`fileLocation`),
  CONSTRAINT `fileLocationMedia_fk` FOREIGN KEY (`fileLocation`) REFERENCES `mediaarchive` (`fileLocation`)
) ENGINE=InnoDB DEFAULT CHARSET=utf8mb4 COLLATE=utf8mb4_0900_ai_ci;
/*!40101 SET character_set_client = @saved_cs_client */;

--
-- Dumping data for table `mediadatetable`
--

LOCK TABLES `mediadatetable` WRITE;
/*!40000 ALTER TABLE `mediadatetable` DISABLE KEYS */;
INSERT INTO `mediadatetable` VALUES ('abc1.jpg','2021-11-30'),('ebc2.jpg','2018-01-00'),('abc1.jpg','2021-11-30'),('ebc2.jpg','2018-01-00');
/*!40000 ALTER TABLE `mediadatetable` ENABLE KEYS */;
UNLOCK TABLES;
/*!40103 SET TIME_ZONE=@OLD_TIME_ZONE */;

/*!40101 SET SQL_MODE=@OLD_SQL_MODE */;
/*!40014 SET FOREIGN_KEY_CHECKS=@OLD_FOREIGN_KEY_CHECKS */;
/*!40014 SET UNIQUE_CHECKS=@OLD_UNIQUE_CHECKS */;
/*!40101 SET CHARACTER_SET_CLIENT=@OLD_CHARACTER_SET_CLIENT */;
/*!40101 SET CHARACTER_SET_RESULTS=@OLD_CHARACTER_SET_RESULTS */;
/*!40101 SET COLLATION_CONNECTION=@OLD_COLLATION_CONNECTION */;
/*!40111 SET SQL_NOTES=@OLD_SQL_NOTES */;

-- Dump completed on 2021-12-14 18:53:21


CREATE DATABASE  IF NOT EXISTS `project` /*!40100 DEFAULT CHARACTER SET utf8mb4 COLLATE utf8mb4_0900_ai_ci */ /*!80016 DEFAULT ENCRYPTION='N' */;
USE `project`;
-- MySQL dump 10.13  Distrib 8.0.27, for Win64 (x86_64)
--
-- Host: 127.0.0.1    Database: project
-- ------------------------------------------------------
-- Server version	8.0.27

/*!40101 SET @OLD_CHARACTER_SET_CLIENT=@@CHARACTER_SET_CLIENT */;
/*!40101 SET @OLD_CHARACTER_SET_RESULTS=@@CHARACTER_SET_RESULTS */;
/*!40101 SET @OLD_COLLATION_CONNECTION=@@COLLATION_CONNECTION */;
/*!50503 SET NAMES utf8 */;
/*!40103 SET @OLD_TIME_ZONE=@@TIME_ZONE */;
/*!40103 SET TIME_ZONE='+00:00' */;
/*!40014 SET @OLD_UNIQUE_CHECKS=@@UNIQUE_CHECKS, UNIQUE_CHECKS=0 */;
/*!40014 SET @OLD_FOREIGN_KEY_CHECKS=@@FOREIGN_KEY_CHECKS, FOREIGN_KEY_CHECKS=0 */;
/*!40101 SET @OLD_SQL_MODE=@@SQL_MODE, SQL_MODE='NO_AUTO_VALUE_ON_ZERO' */;
/*!40111 SET @OLD_SQL_NOTES=@@SQL_NOTES, SQL_NOTES=0 */;

--
-- Table structure for table `attributestableforperson`
--

DROP TABLE IF EXISTS `attributestableforperson`;
/*!40101 SET @saved_cs_client     = @@character_set_client */;
/*!50503 SET character_set_client = utf8mb4 */;
CREATE TABLE `attributestableforperson` (
  `attribute` varchar(50) DEFAULT NULL,
  `columnID` int DEFAULT NULL
) ENGINE=InnoDB DEFAULT CHARSET=utf8mb4 COLLATE=utf8mb4_0900_ai_ci;
/*!40101 SET character_set_client = @saved_cs_client */;

--
-- Dumping data for table `attributestableforperson`
--

LOCK TABLES `attributestableforperson` WRITE;
/*!40000 ALTER TABLE `attributestableforperson` DISABLE KEYS */;
INSERT INTO `attributestableforperson` VALUES ('dob',3),('dateofbirth',3),('birthdate',3),('date_of_birth',3),('lob',4),('locofbirth',4),('locationofbirth',4),('birthlocation',6),('location_of_birth',4),('dod',5),('dateofdeath',5),('deathdate',5),('date_of_death',5),('lod',6),('locationofdeath',6),('locofdeath',6),('deathlocation',6),('location_of_death',6),('gender',7);
/*!40000 ALTER TABLE `attributestableforperson` ENABLE KEYS */;
UNLOCK TABLES;
/*!40103 SET TIME_ZONE=@OLD_TIME_ZONE */;

/*!40101 SET SQL_MODE=@OLD_SQL_MODE */;
/*!40014 SET FOREIGN_KEY_CHECKS=@OLD_FOREIGN_KEY_CHECKS */;
/*!40014 SET UNIQUE_CHECKS=@OLD_UNIQUE_CHECKS */;
/*!40101 SET CHARACTER_SET_CLIENT=@OLD_CHARACTER_SET_CLIENT */;
/*!40101 SET CHARACTER_SET_RESULTS=@OLD_CHARACTER_SET_RESULTS */;
/*!40101 SET COLLATION_CONNECTION=@OLD_COLLATION_CONNECTION */;
/*!40111 SET SQL_NOTES=@OLD_SQL_NOTES */;

-- Dump completed on 2021-12-14 18:53:21


CKS=@@FOREIGN_KEY_CHECKS, FOREIGN_KEY_CHECKS=0 */;
/*!40101 SET @OLD_SQL_MODE=@@SQL_MODE, SQL_MODE='NO_AUTO_VALUE_ON_ZERO' */;
/*!40111 SET @OLD_SQL_NOTES=@@SQL_NOTES, SQL_NOTES=0 */;

--
-- Table structure for table `attributestableformedia`
--

DROP TABLE IF EXISTS `attributestableformedia`;
/*!40101 SET @saved_cs_client     = @@character_set_client */;
/*!50503 SET character_set_client = utf8mb4 */;
CREATE TABLE `attributestableformedia` (
  `attribute` varchar(50) DEFAULT NULL,
  `columnID` int DEFAULT NULL
) ENGINE=InnoDB DEFAULT CHARSET=utf8mb4 COLLATE=utf8mb4_0900_ai_ci;
/*!40101 SET character_set_client = @saved_cs_client */;

--
-- Dumping data for table `attributestableformedia`
--

LOCK TABLES `attributestableformedia` WRITE;
/*!40000 ALTER TABLE `attributestableformedia` DISABLE KEYS */;
INSERT INTO `attributestableformedia` VALUES ('dateofpicturetaken',2),('dateofpicture',2),('dop',2),('picturedate',2),('date',2),('year',2),('locofpicturetaken',3),('location',3),('lop',3),('city',3),('province',3),('country',3),('picturelocation',3),('locationofpicture',3);
/*!40000 ALTER TABLE `attributestableformedia` ENABLE KEYS */;
UNLOCK TABLES;
/*!40103 SET TIME_ZONE=@OLD_TIME_ZONE */;

/*!40101 SET SQL_MODE=@OLD_SQL_MODE */;
/*!40014 SET FOREIGN_KEY_CHECKS=@OLD_FOREIGN_KEY_CHECKS */;
/*!40014 SET UNIQUE_CHECKS=@OLD_UNIQUE_CHECKS */;
/*!40101 SET CHARACTER_SET_CLIENT=@OLD_CHARACTER_SET_CLIENT */;
/*!40101 SET CHARACTER_SET_RESULTS=@OLD_CHARACTER_SET_RESULTS */;
/*!40101 SET COLLATION_CONNECTION=@OLD_COLLATION_CONNECTION */;
/*!40111 SET SQL_NOTES=@OLD_SQL_NOTES */;

-- Dump completed on 2021-12-14 18:53:21
